<?xml version="1.0" encoding="UTF-8"?>
<taskDefinition id="servicenow_object_retrieve" name="ServiceNow Object Retrieve" schema_version="1.0" version="1">
  <author>support@kineticdata.com</author>
  <description>Generically retrieves an object from a ServiceNow table when given a table name and an id</description>
  <helpurl></helpurl>
  <visible>true</visible>
  <deferrable>false</deferrable>
  <parameters>
    <parameter id="error_handling" label="Error Handling" required="true"
      tooltip="Determine what to return if an error is encountered."
      menu="Error Message,Raise Error">Error Message</parameter>
    <parameter id="table" label="Table" required="true"
      tooltip="The name of the table to retrieve info from (ie. change_request,incident, task,etc)."/>
    <parameter id="id" label="Id" required="true"
      tooltip="The id of the object to retrieve."/>
  </parameters>
  <handler name="servicenow_object_retrieve" version="1">
    <infos>
      <info name="username">&lt;%= @info['username'] %&gt;</info>
      <info name="password">&lt;%= @info['password'] %&gt;</info>
      <info name="server">&lt;%= @info['server'] %&gt;</info>
      <info name="enable_debug_logging">&lt;%= @info['enable_debug_logging'] %&gt;</info>
    </infos>
    <parameters>            
      <parameter name="error_handling">&lt;%= @parameters.has_key?("error_handling") ?
        @parameters["error_handling"] : "Raise Error" %&gt;</parameter>
      <parameter name="table">&lt;%= @parameters['table'] %&gt;</parameter>
      <parameter name="id">&lt;%= @parameters['id'] %&gt;</parameter>
    </parameters>
  </handler>
  <results format="xml">
    <result name="Handler Error Message"/>
    <result name="Object JSON"></result>
  </results>
</taskDefinition>
