<?xml version="1.0" encoding="UTF-8"?>
<taskDefinition id="servicenow_object_create" name="ServiceNow Object Create" schema_version="1.0" version="1">
  <author>support@kineticdata.com</author>
  <description>Generically creates an object from a ServiceNow table when given a table name and a JSON body</description>
  <helpurl></helpurl>
  <visible>true</visible>
  <deferrable>false</deferrable>
  <parameters>
    <parameter id="error_handling" label="Error Handling" required="true"
      tooltip="Determine what to return if an error is encountered."
      menu="Error Message,Raise Error">Error Message</parameter>
    <parameter id="table" label="Table" required="true"
      tooltip="The name of the table to create the object in (ie. change_request,incident, task,etc)."/>
    <parameter id="json_body" label="JSON Body" required="true"
      tooltip="The JSON body of the object to create."/>
  </parameters>
  <handler name="servicenow_object_create" version="1">
    <infos>
      <info name="username">&lt;%= @info['username'] %&gt;</info>
      <info name="password">&lt;%= @info['password'] %&gt;</info>
      <info name="server">&lt;%= @info['server'] %&gt;</info>
      <info name="enable_debug_logging">&lt;%= @info['enable_debug_logging'] %&gt;</info>
    </infos>
    <parameters>
      <parameter name="error_handling">&lt;%= @parameters.has_key?("error_handling") ?
        @parameters["error_handling"] : "Raise Error" %&gt;</parameter>
      <parameter name="table">&lt;%= @parameters['table'] %&gt;</parameter>
      <parameter name="json_body">&lt;%= @parameters['json_body'] %&gt;</parameter>
    </parameters>
  </handler>
  <results format="xml">
    <result name="Handler Error Message"/>
    <result name="Id"></result>
  </results>
</taskDefinition>
