<?xml version="1.0" encoding="UTF-8"?>
<!--
This file contains a list of all configurable values used by the task node.

The name of the parameter is defined by applying the 'name' attribute to the
info tag.  For example, to define a parameter named 'username' add the
following line:
  <info name="username" description="Remedy Login Name"></info>

Default values may be defined by placing the value of the parameter
within the info tags.  For example, to define a parameter named 'username'
with a default value of 'Demo' add the following line:
  <info name="username" description="Remedy Login Name">Demo</info>
-->
<taskInfo version="1.0">
  <info name="api_server" description="The ARS API application, if running task locally could be http://localhost:8008/">http://server:port/api</info>
  <info name="api_username" description="Name of user account that has permission to use the ARS API"></info>
  <info name="api_password" description="Password for the ARS API user" type="encrypted"></info>
  <info name="enable_debug_logging" description="Enable debug logging if the value is set to 'Yes'.">No</info>
</taskInfo>