<?xml version="1.0" encoding="UTF-8"?>
<taskDefinition id="kinetic_request_ce_attachment_copy" name="Kinetic Request CE Attachment Copy" schema_version="1.0" version="2">
    <author>support@kineticdata.com</author>
    <description>This handler is used to copy an attachment from one submission to another.</description>
    <helpurl></helpurl>
    <visible>false</visible>
    <deferrable>false</deferrable>
    <parameters>
        <parameter id="error_handling" label="Error Handling" required="true"
          tooltip="Determine what to return if an error is encountered."
          menu="Error Message,Raise Error">Error Message</parameter>
        <parameter id="space_slug" label="Space Slug" required="false"
            tooltip="Slug of the Space where the handler should be imported"/>
        <parameter id="submission_id" label="From Submission Id" required="true"
            tooltip="Submission Id that contains the attached file to copy"/>
        <parameter id="field_name" label="From Form Field Name" required="true"
            tooltip="Name of the file attachment field on the Kinetic Request CE form to copy from"/>
        <parameter id="kapp_slug" label="To Kapp Slug" required="true"
          tooltip="The Kapp the receiving form is in."/>
        <parameter id="form_slug" label="To Form Slug" required="true"
          tooltip="The Form receiving the attachment."/>
        <parameter id="to_submission_id" label="To Submission Id" required="true"
            tooltip="Submission Id that contains the attached file to copy to"/>
        <parameter id="to_field_name" label="To Form Field Name" required="true"
            tooltip="Name of the file attachment field on the Kinetic Request CE form to copy to"/>
    </parameters>
    <handler name="kinetic_request_ce_attachment_copy" version="2">
        <infos>
            <info name="api_server">&lt;%= @info['api_server'] %&gt;</info>
            <info name="api_username">&lt;%= @info['api_username'] %&gt;</info>
            <info name="api_password">&lt;%= @info['api_password'] %&gt;</info>
            <info name="space_slug">&lt;%= @info['space_slug'] %&gt;</info>
            <info name="enable_debug_logging">&lt;%= @info['enable_debug_logging'] %&gt;</info>
        </infos>
        <parameters>
            <parameter name="error_handling">&lt;%= @parameters.has_key?("error_handling") ?
                @parameters["error_handling"] : "Raise Error" %&gt;</parameter>
            <parameter name="space_slug">&lt;%= @parameters['space_slug'] %&gt;</parameter>
            <parameter name="submission_id">&lt;%= @parameters['submission_id'] %&gt;</parameter>
            <parameter name="field_name">&lt;%= @parameters['field_name'] %&gt;</parameter>
            <parameter name="kapp_slug">&lt;%= @parameters['kapp_slug'] %&gt;</parameter>
            <parameter name="form_slug">&lt;%= @parameters['form_slug'] %&gt;</parameter>
            <parameter name="to_submission_id">&lt;%= @parameters['to_submission_id'] %&gt;</parameter>
            <parameter name="to_field_name">&lt;%= @parameters['to_field_name'] %&gt;</parameter>
        </parameters>
    </handler>
    <results format="xml">
        <result name="Handler Error Message"/>
        <result name="Files"/>
        <result name="Space Slug"/>
    </results>
</taskDefinition>
